{
	"body":
	{
		"type": "f_srt_nrw"
	},
	"face":
	{
		"freckles":
		{
			"option": "None",
			"density": 0.5,
			"saturation": 0.5,
			"strength": 0.5,
			"toneShift": 0.5
		},
		"accents":
		{
			"scalp":
			{
				"redness": 0,
				"saturation": 0,
				"lightness": 0
			},
			"forehead":
			{
				"redness": 0.03942716121673584,
				"saturation": -0.1057780385017395,
				"lightness": -0.64575982093811035
			},
			"nose":
			{
				"redness": 0,
				"saturation": 0,
				"lightness": 0
			},
			"underEye":
			{
				"redness": 0,
				"saturation": -0.16023004055023193,
				"lightness": 0.38428962230682373
			},
			"cheeks":
			{
				"redness": 0.83351814746856689,
				"saturation": 0.23454666137695312,
				"lightness": -0.2282949686050415
			},
			"lips":
			{
				"redness": 0,
				"saturation": 0,
				"lightness": 0
			},
			"chin":
			{
				"redness": 0,
				"saturation": 0,
				"lightness": 0
			},
			"ears":
			{
				"redness": 0,
				"saturation": 0,
				"lightness": 0
			}
		},
		"leftEye":
		{
			"iris":
			{
				"option": "001",
				"color1UI":
				{
					"x": 0.73000001907348633,
					"y": 0.29107192158699036
				},
				"color1":
				{
					"r": 0.064803265035152435,
					"g": 0.038204371929168701,
					"b": 0.016807375475764275,
					"a": 1
				},
				"color2UI":
				{
					"x": 0.73000001907348633,
					"y": 0.31405913829803467
				},
				"color2":
				{
					"r": 0.070360094308853149,
					"g": 0.040915194898843765,
					"b": 0.017641954123973846,
					"a": 1
				},
				"bUseRadialBlend": false,
				"colorBalance": 0.57999998331069946,
				"colorBalanceSmoothness": 0.37999999523162842,
				"size": 1,
				"saturation": 0.93944746255874634,
				"limbusDarkAmount": 0.62000000476837158
			},
			"sclera":
			{
				"tintUI":
				{
					"x": 0.55159354209899902,
					"y": 0.49029430747032166
				},
				"tint":
				{
					"r": 0.98225057125091553,
					"g": 0.87962239980697632,
					"b": 0.79129791259765625,
					"a": 1
				},
				"brightness": 0.78590422868728638,
				"rotation": 0,
				"vascularity": 0.21342138946056366,
				"veinsRotation": 0
			}
		},
		"rightEye":
		{
			"iris":
			{
				"option": "001",
				"color1UI":
				{
					"x": 0.73000001907348633,
					"y": 0.29107192158699036
				},
				"color1":
				{
					"r": 0.064803265035152435,
					"g": 0.038204371929168701,
					"b": 0.016807375475764275,
					"a": 1
				},
				"color2UI":
				{
					"x": 0.73000001907348633,
					"y": 0.31405913829803467
				},
				"color2":
				{
					"r": 0.070360094308853149,
					"g": 0.040915194898843765,
					"b": 0.017641954123973846,
					"a": 1
				},
				"bUseRadialBlend": false,
				"colorBalance": 0.57999998331069946,
				"colorBalanceSmoothness": 0.37999999523162842,
				"size": 1,
				"saturation": 0.93944746255874634,
				"limbusDarkAmount": 0.62000000476837158
			},
			"sclera":
			{
				"tintUI":
				{
					"x": 0.55159354209899902,
					"y": 0.49029430747032166
				},
				"tint":
				{
					"r": 0.98225057125091553,
					"g": 0.87962239980697632,
					"b": 0.79129791259765625,
					"a": 1
				},
				"brightness": 0.78590422868728638,
				"rotation": 0,
				"vascularity": 0.21342138946056366,
				"veinsRotation": 0
			}
		},
		"teeth":
		{
			"teethColorUI":
			{
				"x": 0.30384260416030884,
				"y": 0.9091721773147583
			},
			"teethColor":
			{
				"r": 0.70837575197219849,
				"g": 0.62396037578582764,
				"b": 0.42869049310684204,
				"a": 1
			},
			"gumColorUI":
			{
				"x": 0.34999999403953552,
				"y": 0.34999999403953552
			},
			"gumColor":
			{
				"r": 0.39157247543334961,
				"g": 0.078187420964241028,
				"b": 0.064803265035152435,
				"a": 1
			},
			"plaqueColorUI":
			{
				"x": 0.34999999403953552,
				"y": 0.34999999403953552
			},
			"plaqueColor":
			{
				"r": 0.60382735729217529,
				"g": 0.41788506507873535,
				"b": 0.11443537473678589,
				"a": 1
			},
			"plaqueAmount": 0.11999999731779099
		},
		"makeup":
		{
			"foundation":
			{
				"bApplyFoundation": false,
				"color":
				{
					"r": 0.59720200300216675,
					"g": 0.30946901440620422,
					"b": 0.21952599287033081,
					"a": 1
				},
				"intensity": 0.5,
				"roughness": 0.25,
				"concealer": 0
			},
			"eyes":
			{
				"option": "FullThinLiner",
				"primaryColor":
				{
					"r": 0.39666664600372314,
					"g": 0.089071638882160187,
					"b": 0,
					"a": 0
				},
				"secondaryColor":
				{
					"r": 0,
					"g": 0,
					"b": 0,
					"a": 1
				},
				"roughness": 0.5,
				"transparency": 0.41888293623924255,
				"metalness": 0
			},
			"blusher":
			{
				"option": "None",
				"color":
				{
					"r": 0.34509798884391785,
					"g": 0,
					"b": 0,
					"a": 1
				},
				"intensity": 0.40000000596046448,
				"roughness": 0.25
			},
			"lips":
			{
				"option": "Cupid",
				"color":
				{
					"r": 0.50817322731018066,
					"g": 0.042262401431798935,
					"b": 0.042262401431798935,
					"a": 0
				},
				"roughness": 0.29736810922622681,
				"transparency": 0.56735908985137939
			}
		}
	},
	"textureSynthesis":
	{
		"bSkinUnlocked": true,
		"lowFrequency": 0.019946807995438576,
		"highFrequency": 0.12039927393198013,
		"contrast": 1,
		"skinToneUI":
		{
			"x": 0.22380229830741882,
			"y": 0.94166666269302368
		},
		"skinTone":
		{
			"r": 0.60382735729217529,
			"g": 0.31398871541023254,
			"b": 0.22322796285152435,
			"a": 1
		}
	},
	"grooms":
	{
		"hair":
		{
			"option": "ShortUpdo",
			"length": 1,
			"bUseCustomProperties": true,
			"melaninAndRedness":
			{
				"x": 0.89794319868087769,
				"y": 0.23375825583934784
			},
			"roughness": 0.29736810922622681,
			"whiteness": 0,
			"lightness": 0.5,
			"presetOption": "None",
			"bUseDyeColor": false,
			"dyeColor":
			{
				"r": 0.32156899571418762,
				"g": 0,
				"b": 0.69019597768783569,
				"a": 1
			},
			"bUseRegions": false,
			"regionsUV":
			{
				"x": 0.28189998865127563,
				"y": 0.25
			},
			"bUseRegionsColor": false,
			"regionsColor":
			{
				"r": 1,
				"g": 1,
				"b": 1,
				"a": 1
			},
			"regionsPresetOption": "None",
			"bUseOmbre": false,
			"ombreUV":
			{
				"x": 0.28189998865127563,
				"y": 0.25
			},
			"bUseOmbreColor": false,
			"ombreColor":
			{
				"r": 1,
				"g": 1,
				"b": 1,
				"a": 1
			},
			"ombreShift": 0.5,
			"ombreContrast": 0,
			"ombreIntensity": 1,
			"ombrePresetOption": "None",
			"bUseHighlights": false,
			"highlightsUV":
			{
				"x": 0.28189998865127563,
				"y": 0.25
			},
			"bUseHighlightsColor": false,
			"highlightsColor":
			{
				"r": 1,
				"g": 1,
				"b": 1,
				"a": 1
			},
			"highlightsBlending": 0.5,
			"highlightsIntensity": 0.5,
			"highlightsVariation": 0,
			"highlightsPresetOption": "None",
			"eyebrowsShading": 1,
			"eyebrowsMicroblading": 1,
			"bUseMaskModulation": false,
			"maskModulationOption": "None"
		},
		"eyebrows":
		{
			"option": "MediumThickEyebrows",
			"length": 1,
			"bUseCustomProperties": true,
			"melaninAndRedness":
			{
				"x": 1,
				"y": 0
			},
			"roughness": 0.10451746731996536,
			"whiteness": 0,
			"lightness": 0.5,
			"presetOption": "None",
			"bUseDyeColor": false,
			"dyeColor":
			{
				"r": 0.32156899571418762,
				"g": 0,
				"b": 0.69019597768783569,
				"a": 1
			},
			"bUseRegions": false,
			"regionsUV":
			{
				"x": 0.28189998865127563,
				"y": 0.25
			},
			"bUseRegionsColor": false,
			"regionsColor":
			{
				"r": 1,
				"g": 1,
				"b": 1,
				"a": 1
			},
			"regionsPresetOption": "None",
			"bUseOmbre": false,
			"ombreUV":
			{
				"x": 0.28189998865127563,
				"y": 0.25
			},
			"bUseOmbreColor": false,
			"ombreColor":
			{
				"r": 1,
				"g": 1,
				"b": 1,
				"a": 1
			},
			"ombreShift": 0.5,
			"ombreContrast": 0,
			"ombreIntensity": 1,
			"ombrePresetOption": "None",
			"bUseHighlights": false,
			"highlightsUV":
			{
				"x": 0.28189998865127563,
				"y": 0.25
			},
			"bUseHighlightsColor": false,
			"highlightsColor":
			{
				"r": 1,
				"g": 1,
				"b": 1,
				"a": 1
			},
			"highlightsBlending": 0.5,
			"highlightsIntensity": 0.5,